n,regime,scenario,delta,variable,comparison,n_pairs,mean_diff,se_diff
500,fixed_delta_0.01,F_delta_0.01,0.01,covered,RBC MSE - Conventional MSE,5000,0.0756,0.0041737767168856165
500,fixed_delta_0.015,F_delta_0.015,0.015,covered,RBC MSE - Conventional MSE,5000,0.0866,0.004506012519930005
500,fixed_delta_0.02,F_delta_0.02,0.02,covered,RBC MSE - Conventional MSE,5000,0.0926,0.0046053544769074604
500,fixed_delta_0.025,F_delta_0.025,0.025,covered,RBC MSE - Conventional MSE,5000,0.1004,0.004848573989736238
500,fixed_delta_0.03,F_delta_0.03,0.03,covered,RBC MSE - Conventional MSE,5000,0.108,0.005027151723480223
500,fixed_delta_0.035,F_delta_0.035,0.035,covered,RBC MSE - Conventional MSE,5000,0.1364,0.0053483388959366775
500,fixed_delta_0.04,F_delta_0.04,0.04,covered,RBC MSE - Conventional MSE,5000,0.1522,0.005568952742386074
500,fixed_delta_0.045,F_delta_0.045,0.045,covered,RBC MSE - Conventional MSE,5000,0.141,0.005519954164555694
500,fixed_delta_0.05,F_delta_0.05,0.05,covered,RBC MSE - Conventional MSE,4998,0.1872749099639856,0.006058475359808282
500,fixed_delta_0.055,F_delta_0.055,0.055,covered,RBC MSE - Conventional MSE,4991,0.2821077940292527,0.006779837395053284
500,fixed_delta_0.06,F_delta_0.06,0.06,covered,RBC MSE - Conventional MSE,4955,0.425832492431887,0.007225341247336115
500,fixed_delta_0.065,F_delta_0.065,0.065,covered,RBC MSE - Conventional MSE,4865,0.5630010277492292,0.007229964152610693
500,fixed_delta_0.07,F_delta_0.07,0.07,covered,RBC MSE - Conventional MSE,4668,0.6921593830334191,0.006790775966164553
500,fixed_delta_0.075,F_delta_0.075,0.075,covered,RBC MSE - Conventional MSE,4285,0.7561260210035006,0.006569072164990462
500,fixed_delta_0.08,F_delta_0.08,0.08,covered,RBC MSE - Conventional MSE,3694,0.7517596101786681,0.007108632500011759
500,fixed_delta_0.09,F_delta_0.09,0.09,covered,RBC MSE - Conventional MSE,2636,0.5895295902883156,0.009583042670102451
500,fixed_delta_0.1,F_delta_0.1,0.1,covered,RBC MSE - Conventional MSE,2101,0.376011423131842,0.010570102328788111
500,fixed_delta_0.12,F_delta_0.12,0.12,covered,RBC MSE - Conventional MSE,48,0.0,0.0
500,shrinking_delta,S_shrink_delta_0.0500,0.05,covered,RBC MSE - Conventional MSE,4998,0.1872749099639856,0.006058475359808282
750,fixed_delta_0.01,F_delta_0.01,0.01,covered,RBC MSE - Conventional MSE,5000,0.0872,0.004454570758235638
750,fixed_delta_0.015,F_delta_0.015,0.015,covered,RBC MSE - Conventional MSE,5000,0.0844,0.004692518720941801
750,fixed_delta_0.02,F_delta_0.02,0.02,covered,RBC MSE - Conventional MSE,5000,0.0894,0.004762989104862891
750,fixed_delta_0.025,F_delta_0.025,0.025,covered,RBC MSE - Conventional MSE,5000,0.1094,0.005111903198502704
750,fixed_delta_0.03,F_delta_0.03,0.03,covered,RBC MSE - Conventional MSE,5000,0.1166,0.0051425846843243216
750,fixed_delta_0.035,F_delta_0.035,0.035,covered,RBC MSE - Conventional MSE,5000,0.1458,0.005645781342683568
750,fixed_delta_0.04,F_delta_0.04,0.04,covered,RBC MSE - Conventional MSE,5000,0.1332,0.005526088990588767
750,fixed_delta_0.045,F_delta_0.045,0.045,covered,RBC MSE - Conventional MSE,4998,0.16646658663465386,0.0058731999962814375
750,fixed_delta_0.05,F_delta_0.05,0.05,covered,RBC MSE - Conventional MSE,4991,0.28150671208174716,0.006722416638275309
750,shrinking_delta,S_shrink_delta_0.0408,0.0408248290463863,covered,RBC MSE - Conventional MSE,5000,0.1314,0.005472914996572845
1000,fixed_delta_0.01,F_delta_0.01,0.01,covered,RBC MSE - Conventional MSE,5000,0.0728,0.004497118723734461
1000,fixed_delta_0.015,F_delta_0.015,0.015,covered,RBC MSE - Conventional MSE,5000,0.0902,0.004743130976295262
1000,fixed_delta_0.02,F_delta_0.02,0.02,covered,RBC MSE - Conventional MSE,5000,0.0998,0.004904365663417859
1000,fixed_delta_0.025,F_delta_0.025,0.025,covered,RBC MSE - Conventional MSE,5000,0.1096,0.005099290985393042
1000,fixed_delta_0.03,F_delta_0.03,0.03,covered,RBC MSE - Conventional MSE,5000,0.1328,0.005321512538662277
1000,fixed_delta_0.035,F_delta_0.035,0.035,covered,RBC MSE - Conventional MSE,5000,0.1496,0.005608052964408442
1000,fixed_delta_0.04,F_delta_0.04,0.04,covered,RBC MSE - Conventional MSE,4999,0.14222844568913784,0.0055581972497489385
1000,fixed_delta_0.045,F_delta_0.045,0.045,covered,RBC MSE - Conventional MSE,4993,0.2349289004606449,0.006513394959744747
1000,fixed_delta_0.05,F_delta_0.05,0.05,covered,RBC MSE - Conventional MSE,4966,0.37595650422875554,0.0071800097080114925
1000,shrinking_delta,S_shrink_delta_0.0354,0.0353553390593273,covered,RBC MSE - Conventional MSE,5000,0.1474,0.005558851335090112
1500,fixed_delta_0.01,F_delta_0.01,0.01,covered,RBC MSE - Conventional MSE,5000,0.0806,0.004580930580678668
1500,fixed_delta_0.015,F_delta_0.015,0.015,covered,RBC MSE - Conventional MSE,5000,0.0856,0.004662496731918965
1500,fixed_delta_0.02,F_delta_0.02,0.02,covered,RBC MSE - Conventional MSE,5000,0.093,0.0048739051068109685
1500,fixed_delta_0.025,F_delta_0.025,0.025,covered,RBC MSE - Conventional MSE,5000,0.1014,0.004922240718487683
1500,fixed_delta_0.03,F_delta_0.03,0.03,covered,RBC MSE - Conventional MSE,5000,0.1488,0.005554987270616859
1500,fixed_delta_0.035,F_delta_0.035,0.035,covered,RBC MSE - Conventional MSE,5000,0.1274,0.005306550658947788
1500,fixed_delta_0.04,F_delta_0.04,0.04,covered,RBC MSE - Conventional MSE,4999,0.1964392878575715,0.0061763055114750645
1500,fixed_delta_0.045,F_delta_0.045,0.045,covered,RBC MSE - Conventional MSE,4961,0.3517436000806289,0.007050576048007667
1500,fixed_delta_0.05,F_delta_0.05,0.05,covered,RBC MSE - Conventional MSE,4733,0.5653919290090852,0.007267814056291494
1500,shrinking_delta,S_shrink_delta_0.0289,0.0288675134594812,covered,RBC MSE - Conventional MSE,5000,0.142,0.0055039311997635235
2000,fixed_delta_0.01,F_delta_0.01,0.01,covered,RBC MSE - Conventional MSE,5000,0.0754,0.004384839034978653
2000,fixed_delta_0.015,F_delta_0.015,0.015,covered,RBC MSE - Conventional MSE,5000,0.0868,0.004683752716348461
2000,fixed_delta_0.02,F_delta_0.02,0.02,covered,RBC MSE - Conventional MSE,5000,0.0988,0.005009264471567579
2000,fixed_delta_0.025,F_delta_0.025,0.025,covered,RBC MSE - Conventional MSE,5000,0.1156,0.005119821336150591
2000,fixed_delta_0.03,F_delta_0.03,0.03,covered,RBC MSE - Conventional MSE,5000,0.152,0.0055664528273772235
2000,fixed_delta_0.035,F_delta_0.035,0.035,covered,RBC MSE - Conventional MSE,5000,0.145,0.005528210580508352
2000,fixed_delta_0.04,F_delta_0.04,0.04,covered,RBC MSE - Conventional MSE,4996,0.26701361088871095,0.006626549530462657
2000,fixed_delta_0.045,F_delta_0.045,0.045,covered,RBC MSE - Conventional MSE,4832,0.46978476821192056,0.0072871347617125375
2000,fixed_delta_0.05,F_delta_0.05,0.05,covered,RBC MSE - Conventional MSE,4040,0.7351485148514851,0.006960705238938256
2000,shrinking_delta,S_shrink_delta_0.0250,0.025,covered,RBC MSE - Conventional MSE,5000,0.1156,0.005119821336150591
3000,fixed_delta_0.01,F_delta_0.01,0.01,covered,RBC MSE - Conventional MSE,5000,0.083,0.004457148554249335
3000,fixed_delta_0.015,F_delta_0.015,0.015,covered,RBC MSE - Conventional MSE,5000,0.098,0.004733252659234157
3000,fixed_delta_0.02,F_delta_0.02,0.02,covered,RBC MSE - Conventional MSE,5000,0.104,0.004972096574773038
3000,fixed_delta_0.025,F_delta_0.025,0.025,covered,RBC MSE - Conventional MSE,5000,0.1456,0.005550341364083076
3000,fixed_delta_0.03,F_delta_0.03,0.03,covered,RBC MSE - Conventional MSE,5000,0.1198,0.005182177437390437
3000,fixed_delta_0.035,F_delta_0.035,0.035,covered,RBC MSE - Conventional MSE,4999,0.21344268853770754,0.006279643560939447
3000,fixed_delta_0.04,F_delta_0.04,0.04,covered,RBC MSE - Conventional MSE,4924,0.40840779853777415,0.0071915329215954055
3000,fixed_delta_0.045,F_delta_0.045,0.045,covered,RBC MSE - Conventional MSE,3903,0.7320010248526774,0.007090531302630981
3000,fixed_delta_0.05,F_delta_0.05,0.05,covered,RBC MSE - Conventional MSE,1689,0.7608052101835405,0.010383084195260883
3000,shrinking_delta,S_shrink_delta_0.0204,0.0204124145231931,covered,RBC MSE - Conventional MSE,5000,0.1044,0.004946212794067885
4000,fixed_delta_0.01,F_delta_0.01,0.01,covered,RBC MSE - Conventional MSE,5000,0.0818,0.0044165204777772875
4000,fixed_delta_0.015,F_delta_0.015,0.015,covered,RBC MSE - Conventional MSE,5000,0.0826,0.004547481051833351
4000,fixed_delta_0.02,F_delta_0.02,0.02,covered,RBC MSE - Conventional MSE,5000,0.0978,0.004838565318652686
4000,fixed_delta_0.025,F_delta_0.025,0.025,covered,RBC MSE - Conventional MSE,5000,0.1482,0.005689800239494623
4000,fixed_delta_0.03,F_delta_0.03,0.03,covered,RBC MSE - Conventional MSE,5000,0.1338,0.005380083741003669
4000,fixed_delta_0.035,F_delta_0.035,0.035,covered,RBC MSE - Conventional MSE,4993,0.2894051672341278,0.006789002116677882
4000,fixed_delta_0.04,F_delta_0.04,0.04,covered,RBC MSE - Conventional MSE,4652,0.5561049011177988,0.007329539236829596
4000,fixed_delta_0.045,F_delta_0.045,0.045,covered,RBC MSE - Conventional MSE,2255,0.8221729490022173,0.008053850229469677
4000,fixed_delta_0.05,F_delta_0.05,0.05,covered,RBC MSE - Conventional MSE,424,0.4740566037735849,0.024278084572827985
4000,shrinking_delta,S_shrink_delta_0.0177,0.0176776695296636,covered,RBC MSE - Conventional MSE,5000,0.0976,0.004851758022735907
5000,fixed_delta_0.01,F_delta_0.01,0.01,covered,RBC MSE - Conventional MSE,5000,0.0768,0.00434788831808791
5000,fixed_delta_0.015,F_delta_0.015,0.015,covered,RBC MSE - Conventional MSE,5000,0.0884,0.004643425489878782
5000,fixed_delta_0.02,F_delta_0.02,0.02,covered,RBC MSE - Conventional MSE,5000,0.1016,0.00486006296691807
5000,fixed_delta_0.025,F_delta_0.025,0.025,covered,RBC MSE - Conventional MSE,5000,0.1342,0.0054003615416892406
5000,fixed_delta_0.03,F_delta_0.03,0.03,covered,RBC MSE - Conventional MSE,5000,0.1762,0.0059260218989731555
5000,fixed_delta_0.035,F_delta_0.035,0.035,covered,RBC MSE - Conventional MSE,4962,0.3599355098750504,0.00716333662105108
5000,fixed_delta_0.04,F_delta_0.04,0.04,covered,RBC MSE - Conventional MSE,4014,0.7282012954658694,0.007031707492103672
5000,fixed_delta_0.045,F_delta_0.045,0.045,covered,RBC MSE - Conventional MSE,968,0.6890495867768595,0.014885299263602665
5000,fixed_delta_0.05,F_delta_0.05,0.05,covered,RBC MSE - Conventional MSE,114,0.32456140350877194,0.04404556157374767
5000,shrinking_delta,S_shrink_delta_0.0158,0.0158113883008419,covered,RBC MSE - Conventional MSE,5000,0.0962,0.004828433985771266
500,fixed_delta_0.01,F_delta_0.01,0.01,covered,Bias-aware/Honest - RBC MSE,5000,0.0506,0.003099975801517489
500,fixed_delta_0.015,F_delta_0.015,0.015,covered,Bias-aware/Honest - RBC MSE,5000,0.0586,0.0033219595245903583
500,fixed_delta_0.02,F_delta_0.02,0.02,covered,Bias-aware/Honest - RBC MSE,5000,0.0576,0.003295241982608377
500,fixed_delta_0.025,F_delta_0.025,0.025,covered,Bias-aware/Honest - RBC MSE,5000,0.0676,0.003550854786377892
500,fixed_delta_0.03,F_delta_0.03,0.03,covered,Bias-aware/Honest - RBC MSE,5000,0.073,0.0036792536446236344
500,fixed_delta_0.035,F_delta_0.035,0.035,covered,Bias-aware/Honest - RBC MSE,5000,0.068,0.003571799483497087
500,fixed_delta_0.04,F_delta_0.04,0.04,covered,Bias-aware/Honest - RBC MSE,5000,0.0712,0.003637135927010469
500,fixed_delta_0.045,F_delta_0.045,0.045,covered,Bias-aware/Honest - RBC MSE,5000,0.0706,0.00362294812971841
500,fixed_delta_0.05,F_delta_0.05,0.05,covered,Bias-aware/Honest - RBC MSE,4998,0.07322929171668667,0.003685308862377547
500,fixed_delta_0.055,F_delta_0.055,0.055,covered,Bias-aware/Honest - RBC MSE,4991,0.07493488278902023,0.0037271587907393993
500,fixed_delta_0.06,F_delta_0.06,0.06,covered,Bias-aware/Honest - RBC MSE,4955,0.08133198789101917,0.0038835776210368374
500,fixed_delta_0.065,F_delta_0.065,0.065,covered,Bias-aware/Honest - RBC MSE,4865,0.09969167523124357,0.004295644144781091
500,fixed_delta_0.07,F_delta_0.07,0.07,covered,Bias-aware/Honest - RBC MSE,4668,0.12446443873179092,0.0048321525591644866
500,fixed_delta_0.075,F_delta_0.075,0.075,covered,Bias-aware/Honest - RBC MSE,4285,0.1722287047841307,0.005768769917130982
500,fixed_delta_0.08,F_delta_0.08,0.08,covered,Bias-aware/Honest - RBC MSE,3694,0.22766648619382782,0.0069002104862385
500,fixed_delta_0.09,F_delta_0.09,0.09,covered,Bias-aware/Honest - RBC MSE,2636,0.40933232169954475,0.0095789810241857
500,fixed_delta_0.1,F_delta_0.1,0.1,covered,Bias-aware/Honest - RBC MSE,2101,0.623988576868158,0.010570102328788111
500,fixed_delta_0.12,F_delta_0.12,0.12,covered,Bias-aware/Honest - RBC MSE,48,1.0,0.0
500,shrinking_delta,S_shrink_delta_0.0500,0.05,covered,Bias-aware/Honest - RBC MSE,4998,0.07322929171668667,0.003685308862377547
750,fixed_delta_0.01,F_delta_0.01,0.01,covered,Bias-aware/Honest - RBC MSE,5000,0.0586,0.0033219595245903588
750,fixed_delta_0.015,F_delta_0.015,0.015,covered,Bias-aware/Honest - RBC MSE,5000,0.0724,0.0036652878286668558
750,fixed_delta_0.02,F_delta_0.02,0.02,covered,Bias-aware/Honest - RBC MSE,5000,0.0716,0.003646552820060872
750,fixed_delta_0.025,F_delta_0.025,0.025,covered,Bias-aware/Honest - RBC MSE,5000,0.0722,0.003660616344607077
750,fixed_delta_0.03,F_delta_0.03,0.03,covered,Bias-aware/Honest - RBC MSE,5000,0.0694,0.0035943444273431107
750,fixed_delta_0.035,F_delta_0.035,0.035,covered,Bias-aware/Honest - RBC MSE,5000,0.0742,0.0037069691560714137
750,fixed_delta_0.04,F_delta_0.04,0.04,covered,Bias-aware/Honest - RBC MSE,5000,0.0758,0.003743484304087168
750,fixed_delta_0.045,F_delta_0.045,0.045,covered,Bias-aware/Honest - RBC MSE,4998,0.07482993197278912,0.003722149283400671
750,fixed_delta_0.05,F_delta_0.05,0.05,covered,Bias-aware/Honest - RBC MSE,4991,0.07593668603486275,0.0037499580692086066
750,shrinking_delta,S_shrink_delta_0.0408,0.0408248290463863,covered,Bias-aware/Honest - RBC MSE,5000,0.0756,0.0037389469031786147
1000,fixed_delta_0.01,F_delta_0.01,0.01,covered,Bias-aware/Honest - RBC MSE,5000,0.0692,0.0035895471817199943
1000,fixed_delta_0.015,F_delta_0.015,0.015,covered,Bias-aware/Honest - RBC MSE,5000,0.0686,0.0035751033933097056
1000,fixed_delta_0.02,F_delta_0.02,0.02,covered,Bias-aware/Honest - RBC MSE,5000,0.0696,0.0035991330555774606
1000,fixed_delta_0.025,F_delta_0.025,0.025,covered,Bias-aware/Honest - RBC MSE,5000,0.0702,0.0036134475782388397
1000,fixed_delta_0.03,F_delta_0.03,0.03,covered,Bias-aware/Honest - RBC MSE,5000,0.0628,0.0034312660516700637
1000,fixed_delta_0.035,F_delta_0.035,0.035,covered,Bias-aware/Honest - RBC MSE,5000,0.0682,0.0035654304731535255
1000,fixed_delta_0.04,F_delta_0.04,0.04,covered,Bias-aware/Honest - RBC MSE,4999,0.06701340268053611,0.0035368807045742775
1000,fixed_delta_0.045,F_delta_0.045,0.045,covered,Bias-aware/Honest - RBC MSE,4993,0.0666933707190066,0.0035311504416741476
1000,fixed_delta_0.05,F_delta_0.05,0.05,covered,Bias-aware/Honest - RBC MSE,4966,0.0743052758759565,0.003722066201486566
1000,shrinking_delta,S_shrink_delta_0.0354,0.0353553390593273,covered,Bias-aware/Honest - RBC MSE,5000,0.0688,0.0035799266996734734
1500,fixed_delta_0.01,F_delta_0.01,0.01,covered,Bias-aware/Honest - RBC MSE,5000,0.061,0.003384980298070236
1500,fixed_delta_0.015,F_delta_0.015,0.015,covered,Bias-aware/Honest - RBC MSE,5000,0.0634,0.0034465147167448084
1500,fixed_delta_0.02,F_delta_0.02,0.02,covered,Bias-aware/Honest - RBC MSE,5000,0.0654,0.0034967146584587846
1500,fixed_delta_0.025,F_delta_0.025,0.025,covered,Bias-aware/Honest - RBC MSE,5000,0.0642,0.003466709623709927
1500,fixed_delta_0.03,F_delta_0.03,0.03,covered,Bias-aware/Honest - RBC MSE,5000,0.0646,0.003476749280162638
1500,fixed_delta_0.035,F_delta_0.035,0.035,covered,Bias-aware/Honest - RBC MSE,5000,0.0624,0.0034210508206899736
1500,fixed_delta_0.04,F_delta_0.04,0.04,covered,Bias-aware/Honest - RBC MSE,4999,0.0610122024404881,0.0033856354986710755
1500,fixed_delta_0.045,F_delta_0.045,0.045,covered,Bias-aware/Honest - RBC MSE,4961,0.06530941342471276,0.0035081728869317957
1500,fixed_delta_0.05,F_delta_0.05,0.05,covered,Bias-aware/Honest - RBC MSE,4733,0.06951193746038453,0.003697113059228127
1500,shrinking_delta,S_shrink_delta_0.0289,0.0288675134594812,covered,Bias-aware/Honest - RBC MSE,5000,0.063,0.0034363587869054757
2000,fixed_delta_0.01,F_delta_0.01,0.01,covered,Bias-aware/Honest - RBC MSE,5000,0.0614,0.0033953370470002743
2000,fixed_delta_0.015,F_delta_0.015,0.015,covered,Bias-aware/Honest - RBC MSE,5000,0.0634,0.0034465147167448084
2000,fixed_delta_0.02,F_delta_0.02,0.02,covered,Bias-aware/Honest - RBC MSE,5000,0.0646,0.003476749280162638
2000,fixed_delta_0.025,F_delta_0.025,0.025,covered,Bias-aware/Honest - RBC MSE,5000,0.0602,0.003364142608614894
2000,fixed_delta_0.03,F_delta_0.03,0.03,covered,Bias-aware/Honest - RBC MSE,5000,0.0626,0.003426163411039209
2000,fixed_delta_0.035,F_delta_0.035,0.035,covered,Bias-aware/Honest - RBC MSE,5000,0.0586,0.0033219595245903583
2000,fixed_delta_0.04,F_delta_0.04,0.04,covered,Bias-aware/Honest - RBC MSE,4996,0.06265012009607686,0.003428815142711501
2000,fixed_delta_0.045,F_delta_0.045,0.045,covered,Bias-aware/Honest - RBC MSE,4832,0.06663907284768211,0.003588151423663668
2000,fixed_delta_0.05,F_delta_0.05,0.05,covered,Bias-aware/Honest - RBC MSE,4040,0.09405940594059406,0.004593186178545781
2000,shrinking_delta,S_shrink_delta_0.0250,0.025,covered,Bias-aware/Honest - RBC MSE,5000,0.0602,0.003364142608614894
3000,fixed_delta_0.01,F_delta_0.01,0.01,covered,Bias-aware/Honest - RBC MSE,5000,0.0526,0.0031573155889688424
3000,fixed_delta_0.015,F_delta_0.015,0.015,covered,Bias-aware/Honest - RBC MSE,5000,0.0564,0.003262811239933669
3000,fixed_delta_0.02,F_delta_0.02,0.02,covered,Bias-aware/Honest - RBC MSE,5000,0.0572,0.003284477060037348
3000,fixed_delta_0.025,F_delta_0.025,0.025,covered,Bias-aware/Honest - RBC MSE,5000,0.062,0.003410795611780492
3000,fixed_delta_0.03,F_delta_0.03,0.03,covered,Bias-aware/Honest - RBC MSE,5000,0.0588,0.003327270073983933
3000,fixed_delta_0.035,F_delta_0.035,0.035,covered,Bias-aware/Honest - RBC MSE,4999,0.0624124824964993,0.0034217124589137077
3000,fixed_delta_0.04,F_delta_0.04,0.04,covered,Bias-aware/Honest - RBC MSE,4924,0.05727051177904143,0.0033116479337779816
3000,fixed_delta_0.045,F_delta_0.045,0.045,covered,Bias-aware/Honest - RBC MSE,3903,0.07660773763771458,0.004257805332088645
3000,fixed_delta_0.05,F_delta_0.05,0.05,covered,Bias-aware/Honest - RBC MSE,1689,0.23623445825932504,0.010338688067921717
3000,shrinking_delta,S_shrink_delta_0.0204,0.0204124145231931,covered,Bias-aware/Honest - RBC MSE,5000,0.0554,0.003235469309440358
4000,fixed_delta_0.01,F_delta_0.01,0.01,covered,Bias-aware/Honest - RBC MSE,5000,0.054,0.0031966926296961603
4000,fixed_delta_0.015,F_delta_0.015,0.015,covered,Bias-aware/Honest - RBC MSE,5000,0.057,0.0032790776858888254
4000,fixed_delta_0.02,F_delta_0.02,0.02,covered,Bias-aware/Honest - RBC MSE,5000,0.056,0.0032519094364690726
4000,fixed_delta_0.025,F_delta_0.025,0.025,covered,Bias-aware/Honest - RBC MSE,5000,0.0632,0.0034414416607202315
4000,fixed_delta_0.03,F_delta_0.03,0.03,covered,Bias-aware/Honest - RBC MSE,5000,0.058,0.003305962171165217
4000,fixed_delta_0.035,F_delta_0.035,0.035,covered,Bias-aware/Honest - RBC MSE,4993,0.06048467854996996,0.003373939832617937
4000,fixed_delta_0.04,F_delta_0.04,0.04,covered,Bias-aware/Honest - RBC MSE,4652,0.06126397248495271,0.003516423308934653
4000,fixed_delta_0.045,F_delta_0.045,0.045,covered,Bias-aware/Honest - RBC MSE,2255,0.15033259423503326,0.007527904473433156
4000,fixed_delta_0.05,F_delta_0.05,0.05,covered,Bias-aware/Honest - RBC MSE,424,0.5259433962264151,0.02427808457282799
4000,shrinking_delta,S_shrink_delta_0.0177,0.0176776695296636,covered,Bias-aware/Honest - RBC MSE,5000,0.0624,0.0034210508206899736
5000,fixed_delta_0.01,F_delta_0.01,0.01,covered,Bias-aware/Honest - RBC MSE,5000,0.0524,0.003151639980536067
5000,fixed_delta_0.015,F_delta_0.015,0.015,covered,Bias-aware/Honest - RBC MSE,5000,0.0552,0.0032299657174197907
5000,fixed_delta_0.02,F_delta_0.02,0.02,covered,Bias-aware/Honest - RBC MSE,5000,0.0552,0.0032299657174197907
5000,fixed_delta_0.025,F_delta_0.025,0.025,covered,Bias-aware/Honest - RBC MSE,5000,0.0606,0.0033745822794995274
5000,fixed_delta_0.03,F_delta_0.03,0.03,covered,Bias-aware/Honest - RBC MSE,5000,0.057,0.0032790776858888254
5000,fixed_delta_0.035,F_delta_0.035,0.035,covered,Bias-aware/Honest - RBC MSE,4962,0.06126561870213623,0.0034048278642481167
5000,fixed_delta_0.04,F_delta_0.04,0.04,covered,Bias-aware/Honest - RBC MSE,4014,0.06527154957648232,0.0038991515236813695
5000,fixed_delta_0.045,F_delta_0.045,0.045,covered,Bias-aware/Honest - RBC MSE,968,0.3109504132231405,0.014885299263602665
5000,fixed_delta_0.05,F_delta_0.05,0.05,covered,Bias-aware/Honest - RBC MSE,114,0.6754385964912281,0.04404556157374767
5000,shrinking_delta,S_shrink_delta_0.0158,0.0158113883008419,covered,Bias-aware/Honest - RBC MSE,5000,0.0574,0.0032898651404774178
500,fixed_delta_0.01,F_delta_0.01,0.01,estimate,RBC MSE - Conventional MSE,5000,-0.04224088276155257,0.00013221841038649229
500,fixed_delta_0.015,F_delta_0.015,0.015,estimate,RBC MSE - Conventional MSE,5000,-0.04346630292896566,0.00013109334634774924
500,fixed_delta_0.02,F_delta_0.02,0.02,estimate,RBC MSE - Conventional MSE,5000,-0.045599463802303265,0.00012340342717744138
500,fixed_delta_0.025,F_delta_0.025,0.025,estimate,RBC MSE - Conventional MSE,5000,-0.047432763790426664,0.00011782154860283887
500,fixed_delta_0.03,F_delta_0.03,0.03,estimate,RBC MSE - Conventional MSE,5000,-0.04977901746655069,0.00011494607121605083
500,fixed_delta_0.035,F_delta_0.035,0.035,estimate,RBC MSE - Conventional MSE,5000,-0.053966572190608894,0.0001152547743810405
500,fixed_delta_0.04,F_delta_0.04,0.04,estimate,RBC MSE - Conventional MSE,5000,-0.05685332827720388,0.00013049272126804584
500,fixed_delta_0.045,F_delta_0.045,0.045,estimate,RBC MSE - Conventional MSE,5000,-0.062080364127134954,0.00018902216795717964
500,fixed_delta_0.05,F_delta_0.05,0.05,estimate,RBC MSE - Conventional MSE,4998,-0.07212067142319452,0.00022789277052819043
500,fixed_delta_0.055,F_delta_0.055,0.055,estimate,RBC MSE - Conventional MSE,4991,-0.08451221990407116,0.0002513339323851246
500,fixed_delta_0.06,F_delta_0.06,0.06,estimate,RBC MSE - Conventional MSE,4955,-0.09679154673108484,0.0002535091779186983
500,fixed_delta_0.065,F_delta_0.065,0.065,estimate,RBC MSE - Conventional MSE,4865,-0.10905338050191123,0.0002594426624684996
500,fixed_delta_0.07,F_delta_0.07,0.07,estimate,RBC MSE - Conventional MSE,4668,-0.12095857717984017,0.0002624905703700221
500,fixed_delta_0.075,F_delta_0.075,0.075,estimate,RBC MSE - Conventional MSE,4285,-0.1329106918180494,0.0002758572330586707
500,fixed_delta_0.08,F_delta_0.08,0.08,estimate,RBC MSE - Conventional MSE,3694,-0.1445212233303283,0.0003056278014196293
500,fixed_delta_0.09,F_delta_0.09,0.09,estimate,RBC MSE - Conventional MSE,2636,-0.16806323279429658,0.0003855292151516718
500,fixed_delta_0.1,F_delta_0.1,0.1,estimate,RBC MSE - Conventional MSE,2101,-0.19337289675437017,0.00044388930338502467
500,fixed_delta_0.12,F_delta_0.12,0.12,estimate,RBC MSE - Conventional MSE,48,-0.21901940512627563,0.003073410354177538
500,shrinking_delta,S_shrink_delta_0.0500,0.05,estimate,RBC MSE - Conventional MSE,4998,-0.07212067142319452,0.00022789277052819043
750,fixed_delta_0.01,F_delta_0.01,0.01,estimate,RBC MSE - Conventional MSE,5000,-0.03528543356297927,8.84504659023347e-05
750,fixed_delta_0.015,F_delta_0.015,0.015,estimate,RBC MSE - Conventional MSE,5000,-0.03663979287010436,8.541046529239085e-05
750,fixed_delta_0.02,F_delta_0.02,0.02,estimate,RBC MSE - Conventional MSE,5000,-0.03855049686727674,7.697289059148287e-05
750,fixed_delta_0.025,F_delta_0.025,0.025,estimate,RBC MSE - Conventional MSE,5000,-0.04109727366770544,7.217792320942041e-05
750,fixed_delta_0.03,F_delta_0.03,0.03,estimate,RBC MSE - Conventional MSE,5000,-0.04480072174526859,8.39258802314904e-05
750,fixed_delta_0.035,F_delta_0.035,0.035,estimate,RBC MSE - Conventional MSE,5000,-0.04819071425188408,8.596938852843865e-05
750,fixed_delta_0.04,F_delta_0.04,0.04,estimate,RBC MSE - Conventional MSE,5000,-0.05121581537123525,0.00013371175220585837
750,fixed_delta_0.045,F_delta_0.045,0.045,estimate,RBC MSE - Conventional MSE,4998,-0.060721348526392105,0.0001933990174185144
750,fixed_delta_0.05,F_delta_0.05,0.05,estimate,RBC MSE - Conventional MSE,4991,-0.07264036542171726,0.00021592886258286746
750,shrinking_delta,S_shrink_delta_0.0408,0.0408248290463863,estimate,RBC MSE - Conventional MSE,5000,-0.0523531546791334,0.0001444838679232571
1000,fixed_delta_0.01,F_delta_0.01,0.01,estimate,RBC MSE - Conventional MSE,5000,-0.0313562328081641,6.771920114673968e-05
1000,fixed_delta_0.015,F_delta_0.015,0.015,estimate,RBC MSE - Conventional MSE,5000,-0.03294343933650462,6.470344988903768e-05
1000,fixed_delta_0.02,F_delta_0.02,0.02,estimate,RBC MSE - Conventional MSE,5000,-0.035066625650812776,5.975315583708315e-05
1000,fixed_delta_0.025,F_delta_0.025,0.025,estimate,RBC MSE - Conventional MSE,5000,-0.03749212406971907,5.944508648659218e-05
1000,fixed_delta_0.03,F_delta_0.03,0.03,estimate,RBC MSE - Conventional MSE,5000,-0.04207429021451361,6.900812011463954e-05
1000,fixed_delta_0.035,F_delta_0.035,0.035,estimate,RBC MSE - Conventional MSE,5000,-0.04376149848453533,7.962025082553637e-05
1000,fixed_delta_0.04,F_delta_0.04,0.04,estimate,RBC MSE - Conventional MSE,4999,-0.04941098657942802,0.00013744488304527324
1000,fixed_delta_0.045,F_delta_0.045,0.045,estimate,RBC MSE - Conventional MSE,4993,-0.06106922485241272,0.0001830649255915866
1000,fixed_delta_0.05,F_delta_0.05,0.05,estimate,RBC MSE - Conventional MSE,4966,-0.07307495386075942,0.0001938028113394683
1000,shrinking_delta,S_shrink_delta_0.0354,0.0353553390593273,estimate,RBC MSE - Conventional MSE,5000,-0.04392402999330194,8.321929393163972e-05
1500,fixed_delta_0.01,F_delta_0.01,0.01,estimate,RBC MSE - Conventional MSE,5000,-0.02683428511680685,4.779580140957787e-05
1500,fixed_delta_0.015,F_delta_0.015,0.015,estimate,RBC MSE - Conventional MSE,5000,-0.02858917836273637,4.5912702097967957e-05
1500,fixed_delta_0.02,F_delta_0.02,0.02,estimate,RBC MSE - Conventional MSE,5000,-0.031013532050080114,4.426668666575225e-05
1500,fixed_delta_0.025,F_delta_0.025,0.025,estimate,RBC MSE - Conventional MSE,5000,-0.0337186925134779,5.6035097228264815e-05
1500,fixed_delta_0.03,F_delta_0.03,0.03,estimate,RBC MSE - Conventional MSE,5000,-0.03735762778026488,5.012103917079803e-05
1500,fixed_delta_0.035,F_delta_0.035,0.035,estimate,RBC MSE - Conventional MSE,5000,-0.03948941925945616,8.992139093594431e-05
1500,fixed_delta_0.04,F_delta_0.04,0.04,estimate,RBC MSE - Conventional MSE,4999,-0.04949918085178585,0.00013949109851867629
1500,fixed_delta_0.045,F_delta_0.045,0.045,estimate,RBC MSE - Conventional MSE,4961,-0.061705243017662385,0.00016016061260046836
1500,fixed_delta_0.05,F_delta_0.05,0.05,estimate,RBC MSE - Conventional MSE,4733,-0.07264083798862402,0.00015776950753885698
1500,shrinking_delta,S_shrink_delta_0.0289,0.0288675134594812,estimate,RBC MSE - Conventional MSE,5000,-0.037011842114437414,5.005294001033027e-05
2000,fixed_delta_0.01,F_delta_0.01,0.01,estimate,RBC MSE - Conventional MSE,5000,-0.024169992279389676,3.7708135788393474e-05
2000,fixed_delta_0.015,F_delta_0.015,0.015,estimate,RBC MSE - Conventional MSE,5000,-0.025993706986326123,3.5824430514241845e-05
2000,fixed_delta_0.02,F_delta_0.02,0.02,estimate,RBC MSE - Conventional MSE,5000,-0.02829328005531408,3.35386180636103e-05
2000,fixed_delta_0.025,F_delta_0.025,0.025,estimate,RBC MSE - Conventional MSE,5000,-0.03194193393544456,4.812297355578228e-05
2000,fixed_delta_0.03,F_delta_0.03,0.03,estimate,RBC MSE - Conventional MSE,5000,-0.03331210178122348,4.7429348269300154e-05
2000,fixed_delta_0.035,F_delta_0.035,0.035,estimate,RBC MSE - Conventional MSE,5000,-0.03869004201871099,9.363954436581347e-05
2000,fixed_delta_0.04,F_delta_0.04,0.04,estimate,RBC MSE - Conventional MSE,4996,-0.050075466144310445,0.0001332372008168128
2000,fixed_delta_0.045,F_delta_0.045,0.045,estimate,RBC MSE - Conventional MSE,4832,-0.06138761275716498,0.00013664637797955955
2000,fixed_delta_0.05,F_delta_0.05,0.05,estimate,RBC MSE - Conventional MSE,4040,-0.07077939359046097,0.00013269003245391207
2000,shrinking_delta,S_shrink_delta_0.0250,0.025,estimate,RBC MSE - Conventional MSE,5000,-0.03194193393544456,4.812297355578228e-05
3000,fixed_delta_0.01,F_delta_0.01,0.01,estimate,RBC MSE - Conventional MSE,5000,-0.020899281057472067,2.7400671116362558e-05
3000,fixed_delta_0.015,F_delta_0.015,0.015,estimate,RBC MSE - Conventional MSE,5000,-0.02256750187834012,2.5672094328777188e-05
3000,fixed_delta_0.02,F_delta_0.02,0.02,estimate,RBC MSE - Conventional MSE,5000,-0.024497859771828126,2.964740833536739e-05
3000,fixed_delta_0.025,F_delta_0.025,0.025,estimate,RBC MSE - Conventional MSE,5000,-0.028856173600215754,3.16289734825524e-05
3000,fixed_delta_0.03,F_delta_0.03,0.03,estimate,RBC MSE - Conventional MSE,5000,-0.029751666801677415,5.852367147687272e-05
3000,fixed_delta_0.035,F_delta_0.035,0.035,estimate,RBC MSE - Conventional MSE,4999,-0.03910857181834205,9.378874102613426e-05
3000,fixed_delta_0.04,F_delta_0.04,0.04,estimate,RBC MSE - Conventional MSE,4924,-0.050580945378581266,0.0001155105387707099
3000,fixed_delta_0.045,F_delta_0.045,0.045,estimate,RBC MSE - Conventional MSE,3903,-0.05929489544956082,0.00010785711309578666
3000,fixed_delta_0.05,F_delta_0.05,0.05,estimate,RBC MSE - Conventional MSE,1689,-0.06510002160849572,0.0001370103084187749
3000,shrinking_delta,S_shrink_delta_0.0204,0.0204124145231931,estimate,RBC MSE - Conventional MSE,5000,-0.024776160668007634,3.205111897533964e-05
4000,fixed_delta_0.01,F_delta_0.01,0.01,estimate,RBC MSE - Conventional MSE,5000,-0.018854047136438994,2.2348789016263875e-05
4000,fixed_delta_0.015,F_delta_0.015,0.015,estimate,RBC MSE - Conventional MSE,5000,-0.020575521868219628,2.4176449379812716e-05
4000,fixed_delta_0.02,F_delta_0.02,0.02,estimate,RBC MSE - Conventional MSE,5000,-0.022840193910102773,3.2416501857962145e-05
4000,fixed_delta_0.025,F_delta_0.025,0.025,estimate,RBC MSE - Conventional MSE,5000,-0.02559697929572068,2.805073773519244e-05
4000,fixed_delta_0.03,F_delta_0.03,0.03,estimate,RBC MSE - Conventional MSE,5000,-0.029364176673496025,6.434625951224116e-05
4000,fixed_delta_0.035,F_delta_0.035,0.035,estimate,RBC MSE - Conventional MSE,4993,-0.039646099558920726,9.42453739140538e-05
4000,fixed_delta_0.04,F_delta_0.04,0.04,estimate,RBC MSE - Conventional MSE,4652,-0.05002442223334702,9.994414834644407e-05
4000,fixed_delta_0.045,F_delta_0.045,0.045,estimate,RBC MSE - Conventional MSE,2255,-0.0559113121137038,0.0001032490669797629
4000,fixed_delta_0.05,F_delta_0.05,0.05,estimate,RBC MSE - Conventional MSE,424,-0.0582253469833928,0.00026682981308909736
4000,shrinking_delta,S_shrink_delta_0.0177,0.0176776695296636,estimate,RBC MSE - Conventional MSE,5000,-0.021669587826337416,2.0046166821604335e-05
5000,fixed_delta_0.01,F_delta_0.01,0.01,estimate,RBC MSE - Conventional MSE,5000,-0.017462944424797837,1.889231864752414e-05
5000,fixed_delta_0.015,F_delta_0.015,0.015,estimate,RBC MSE - Conventional MSE,5000,-0.019408603895331687,2.1756517624721775e-05
5000,fixed_delta_0.02,F_delta_0.02,0.02,estimate,RBC MSE - Conventional MSE,5000,-0.022069530552869063,3.100149118644867e-05
5000,fixed_delta_0.025,F_delta_0.025,0.025,estimate,RBC MSE - Conventional MSE,5000,-0.023165018487297774,2.846394018563257e-05
5000,fixed_delta_0.03,F_delta_0.03,0.03,estimate,RBC MSE - Conventional MSE,5000,-0.029520318419884346,6.25606271416077e-05
5000,fixed_delta_0.035,F_delta_0.035,0.035,estimate,RBC MSE - Conventional MSE,4962,-0.04001903746880258,9.063859996118933e-05
5000,fixed_delta_0.04,F_delta_0.04,0.04,estimate,RBC MSE - Conventional MSE,4014,-0.048835384517270645,8.561202115340339e-05
5000,fixed_delta_0.045,F_delta_0.045,0.045,estimate,RBC MSE - Conventional MSE,968,-0.05247757052495346,0.0001267992259692641
5000,fixed_delta_0.05,F_delta_0.05,0.05,estimate,RBC MSE - Conventional MSE,114,-0.05145613922121794,0.0005037212637981191
5000,shrinking_delta,S_shrink_delta_0.0158,0.0158113883008419,estimate,RBC MSE - Conventional MSE,5000,-0.019844727358252743,1.869436835027857e-05
500,fixed_delta_0.01,F_delta_0.01,0.01,estimate,Bias-aware/Honest - RBC MSE,5000,0.042240882761552474,0.00013221841038649183
500,fixed_delta_0.015,F_delta_0.015,0.015,estimate,Bias-aware/Honest - RBC MSE,5000,0.043466302928965896,0.00013109334634774742
500,fixed_delta_0.02,F_delta_0.02,0.02,estimate,Bias-aware/Honest - RBC MSE,5000,0.045599463802303536,0.00012340342717744087
500,fixed_delta_0.025,F_delta_0.025,0.025,estimate,Bias-aware/Honest - RBC MSE,5000,0.047432763790426886,0.0001178215486028399
500,fixed_delta_0.03,F_delta_0.03,0.03,estimate,Bias-aware/Honest - RBC MSE,5000,0.049779017466550536,0.0001149460712160537
500,fixed_delta_0.035,F_delta_0.035,0.035,estimate,Bias-aware/Honest - RBC MSE,5000,0.053966572190608804,0.00011525477438103772
500,fixed_delta_0.04,F_delta_0.04,0.04,estimate,Bias-aware/Honest - RBC MSE,5000,0.05685332827720372,0.00013049272126804367
500,fixed_delta_0.045,F_delta_0.045,0.045,estimate,Bias-aware/Honest - RBC MSE,5000,0.06208036412713522,0.0001890221679571809
500,fixed_delta_0.05,F_delta_0.05,0.05,estimate,Bias-aware/Honest - RBC MSE,4998,0.07212067142319459,0.00022789277052818994
500,fixed_delta_0.055,F_delta_0.055,0.055,estimate,Bias-aware/Honest - RBC MSE,4991,0.08451221990407128,0.00025133393238512393
500,fixed_delta_0.06,F_delta_0.06,0.06,estimate,Bias-aware/Honest - RBC MSE,4955,0.09679154673108487,0.00025350917791869856
500,fixed_delta_0.065,F_delta_0.065,0.065,estimate,Bias-aware/Honest - RBC MSE,4865,0.10905338050191017,0.00025944266246847485
500,fixed_delta_0.07,F_delta_0.07,0.07,estimate,Bias-aware/Honest - RBC MSE,4668,0.12095857717984058,0.00026249057037003846
500,fixed_delta_0.075,F_delta_0.075,0.075,estimate,Bias-aware/Honest - RBC MSE,4285,0.13291069181804982,0.0002758572330586828
500,fixed_delta_0.08,F_delta_0.08,0.08,estimate,Bias-aware/Honest - RBC MSE,3694,0.14452122333051234,0.00030562780142200205
500,fixed_delta_0.09,F_delta_0.09,0.09,estimate,Bias-aware/Honest - RBC MSE,2636,0.16806323279426802,0.00038552921515136554
500,fixed_delta_0.1,F_delta_0.1,0.1,estimate,Bias-aware/Honest - RBC MSE,2101,0.1933728967543683,0.00044388930338509763
500,fixed_delta_0.12,F_delta_0.12,0.12,estimate,Bias-aware/Honest - RBC MSE,48,0.21901940512620713,0.0030734103541836593
500,shrinking_delta,S_shrink_delta_0.0500,0.05,estimate,Bias-aware/Honest - RBC MSE,4998,0.07212067142319459,0.00022789277052818994
750,fixed_delta_0.01,F_delta_0.01,0.01,estimate,Bias-aware/Honest - RBC MSE,5000,0.03528543356297926,8.84504659023322e-05
750,fixed_delta_0.015,F_delta_0.015,0.015,estimate,Bias-aware/Honest - RBC MSE,5000,0.03663979287010436,8.541046529239264e-05
750,fixed_delta_0.02,F_delta_0.02,0.02,estimate,Bias-aware/Honest - RBC MSE,5000,0.03855049686727685,7.697289059148365e-05
750,fixed_delta_0.025,F_delta_0.025,0.025,estimate,Bias-aware/Honest - RBC MSE,5000,0.041097273667705506,7.217792320941909e-05
750,fixed_delta_0.03,F_delta_0.03,0.03,estimate,Bias-aware/Honest - RBC MSE,5000,0.04480072174526864,8.392588023148828e-05
750,fixed_delta_0.035,F_delta_0.035,0.035,estimate,Bias-aware/Honest - RBC MSE,5000,0.04819071425188406,8.596938852843627e-05
750,fixed_delta_0.04,F_delta_0.04,0.04,estimate,Bias-aware/Honest - RBC MSE,5000,0.05121581537123502,0.00013371175220585973
750,fixed_delta_0.045,F_delta_0.045,0.045,estimate,Bias-aware/Honest - RBC MSE,4998,0.06072134852639225,0.00019339901741851465
750,fixed_delta_0.05,F_delta_0.05,0.05,estimate,Bias-aware/Honest - RBC MSE,4991,0.07264036542171717,0.00021592886258286893
750,shrinking_delta,S_shrink_delta_0.0408,0.0408248290463863,estimate,Bias-aware/Honest - RBC MSE,5000,0.0523531546791336,0.0001444838679232574
1000,fixed_delta_0.01,F_delta_0.01,0.01,estimate,Bias-aware/Honest - RBC MSE,5000,0.031356232808163964,6.771920114673869e-05
1000,fixed_delta_0.015,F_delta_0.015,0.015,estimate,Bias-aware/Honest - RBC MSE,5000,0.03294343933650479,6.470344988903551e-05
1000,fixed_delta_0.02,F_delta_0.02,0.02,estimate,Bias-aware/Honest - RBC MSE,5000,0.03506662565081278,5.9753155837085195e-05
1000,fixed_delta_0.025,F_delta_0.025,0.025,estimate,Bias-aware/Honest - RBC MSE,5000,0.03749212406971885,5.9445086486596826e-05
1000,fixed_delta_0.03,F_delta_0.03,0.03,estimate,Bias-aware/Honest - RBC MSE,5000,0.04207429021451361,6.900812011464062e-05
1000,fixed_delta_0.035,F_delta_0.035,0.035,estimate,Bias-aware/Honest - RBC MSE,5000,0.043761498484535304,7.962025082554161e-05
1000,fixed_delta_0.04,F_delta_0.04,0.04,estimate,Bias-aware/Honest - RBC MSE,4999,0.04941098657942821,0.00013744488304527573
1000,fixed_delta_0.045,F_delta_0.045,0.045,estimate,Bias-aware/Honest - RBC MSE,4993,0.06106922485241286,0.00018306492559158562
1000,fixed_delta_0.05,F_delta_0.05,0.05,estimate,Bias-aware/Honest - RBC MSE,4966,0.07307495386075916,0.00019380281133946404
1000,shrinking_delta,S_shrink_delta_0.0354,0.0353553390593273,estimate,Bias-aware/Honest - RBC MSE,5000,0.043924029993301916,8.3219293931644e-05
1500,fixed_delta_0.01,F_delta_0.01,0.01,estimate,Bias-aware/Honest - RBC MSE,5000,0.02683428511680695,4.7795801409580014e-05
1500,fixed_delta_0.015,F_delta_0.015,0.015,estimate,Bias-aware/Honest - RBC MSE,5000,0.0285891783627361,4.591270209796735e-05
1500,fixed_delta_0.02,F_delta_0.02,0.02,estimate,Bias-aware/Honest - RBC MSE,5000,0.03101353205008014,4.426668666575272e-05
1500,fixed_delta_0.025,F_delta_0.025,0.025,estimate,Bias-aware/Honest - RBC MSE,5000,0.033718692513478254,5.6035097228262653e-05
1500,fixed_delta_0.03,F_delta_0.03,0.03,estimate,Bias-aware/Honest - RBC MSE,5000,0.03735762778026476,5.0121039170791634e-05
1500,fixed_delta_0.035,F_delta_0.035,0.035,estimate,Bias-aware/Honest - RBC MSE,5000,0.03948941925945612,8.992139093594344e-05
1500,fixed_delta_0.04,F_delta_0.04,0.04,estimate,Bias-aware/Honest - RBC MSE,4999,0.04949918085178593,0.00013949109851867377
1500,fixed_delta_0.045,F_delta_0.045,0.045,estimate,Bias-aware/Honest - RBC MSE,4961,0.061705243017662635,0.00016016061260047153
1500,fixed_delta_0.05,F_delta_0.05,0.05,estimate,Bias-aware/Honest - RBC MSE,4733,0.07264083798862346,0.00015776950753885137
1500,shrinking_delta,S_shrink_delta_0.0289,0.0288675134594812,estimate,Bias-aware/Honest - RBC MSE,5000,0.03701184211443706,5.0052940010333144e-05
2000,fixed_delta_0.01,F_delta_0.01,0.01,estimate,Bias-aware/Honest - RBC MSE,5000,0.024169992279389704,3.770813578839363e-05
2000,fixed_delta_0.015,F_delta_0.015,0.015,estimate,Bias-aware/Honest - RBC MSE,5000,0.025993706986326016,3.582443051424174e-05
2000,fixed_delta_0.02,F_delta_0.02,0.02,estimate,Bias-aware/Honest - RBC MSE,5000,0.028293280055314448,3.353861806361061e-05
2000,fixed_delta_0.025,F_delta_0.025,0.025,estimate,Bias-aware/Honest - RBC MSE,5000,0.03194193393544467,4.8122973555778764e-05
2000,fixed_delta_0.03,F_delta_0.03,0.03,estimate,Bias-aware/Honest - RBC MSE,5000,0.033312101781223624,4.742934826929928e-05
2000,fixed_delta_0.035,F_delta_0.035,0.035,estimate,Bias-aware/Honest - RBC MSE,5000,0.03869004201871077,9.363954436582048e-05
2000,fixed_delta_0.04,F_delta_0.04,0.04,estimate,Bias-aware/Honest - RBC MSE,4996,0.05007546614430956,0.00013323720081680936
2000,fixed_delta_0.045,F_delta_0.045,0.045,estimate,Bias-aware/Honest - RBC MSE,4832,0.06138761275717993,0.00013664637797994314
2000,fixed_delta_0.05,F_delta_0.05,0.05,estimate,Bias-aware/Honest - RBC MSE,4040,0.07077939359044552,0.00013269003245370897
2000,shrinking_delta,S_shrink_delta_0.0250,0.025,estimate,Bias-aware/Honest - RBC MSE,5000,0.03194193393544467,4.8122973555778764e-05
3000,fixed_delta_0.01,F_delta_0.01,0.01,estimate,Bias-aware/Honest - RBC MSE,5000,0.020899281057472244,2.7400671116362436e-05
3000,fixed_delta_0.015,F_delta_0.015,0.015,estimate,Bias-aware/Honest - RBC MSE,5000,0.022567501878340203,2.5672094328775552e-05
3000,fixed_delta_0.02,F_delta_0.02,0.02,estimate,Bias-aware/Honest - RBC MSE,5000,0.02449785977182856,2.9647408335363053e-05
3000,fixed_delta_0.025,F_delta_0.025,0.025,estimate,Bias-aware/Honest - RBC MSE,5000,0.028856173600215584,3.162897348254859e-05
3000,fixed_delta_0.03,F_delta_0.03,0.03,estimate,Bias-aware/Honest - RBC MSE,5000,0.029751666801677776,5.8523671476873224e-05
3000,fixed_delta_0.035,F_delta_0.035,0.035,estimate,Bias-aware/Honest - RBC MSE,4999,0.03910857181834179,9.378874102614529e-05
3000,fixed_delta_0.04,F_delta_0.04,0.04,estimate,Bias-aware/Honest - RBC MSE,4924,0.0505809453785806,0.00011551053877069872
3000,fixed_delta_0.045,F_delta_0.045,0.045,estimate,Bias-aware/Honest - RBC MSE,3903,0.059294895449539475,0.0001078571130953928
3000,fixed_delta_0.05,F_delta_0.05,0.05,estimate,Bias-aware/Honest - RBC MSE,1689,0.06510002160852495,0.00013701030841913422
3000,shrinking_delta,S_shrink_delta_0.0204,0.0204124145231931,estimate,Bias-aware/Honest - RBC MSE,5000,0.024776160668007457,3.20511189753428e-05
4000,fixed_delta_0.01,F_delta_0.01,0.01,estimate,Bias-aware/Honest - RBC MSE,5000,0.018854047136439088,2.2348789016266812e-05
4000,fixed_delta_0.015,F_delta_0.015,0.015,estimate,Bias-aware/Honest - RBC MSE,5000,0.020575521868219874,2.4176449379814193e-05
4000,fixed_delta_0.02,F_delta_0.02,0.02,estimate,Bias-aware/Honest - RBC MSE,5000,0.022840193910102693,3.2416501857957104e-05
4000,fixed_delta_0.025,F_delta_0.025,0.025,estimate,Bias-aware/Honest - RBC MSE,5000,0.025596979295720423,2.8050737735191405e-05
4000,fixed_delta_0.03,F_delta_0.03,0.03,estimate,Bias-aware/Honest - RBC MSE,5000,0.029364176673496285,6.43462595122379e-05
4000,fixed_delta_0.035,F_delta_0.035,0.035,estimate,Bias-aware/Honest - RBC MSE,4993,0.03964609955892062,9.42453739140498e-05
4000,fixed_delta_0.04,F_delta_0.04,0.04,estimate,Bias-aware/Honest - RBC MSE,4652,0.05002442223334725,9.994414834646238e-05
4000,fixed_delta_0.045,F_delta_0.045,0.045,estimate,Bias-aware/Honest - RBC MSE,2255,0.05591131211356825,0.0001032490669787446
4000,fixed_delta_0.05,F_delta_0.05,0.05,estimate,Bias-aware/Honest - RBC MSE,424,0.05822534698347571,0.00026682981307278987
4000,shrinking_delta,S_shrink_delta_0.0177,0.0176776695296636,estimate,Bias-aware/Honest - RBC MSE,5000,0.02166958782633784,2.0046166821608032e-05
5000,fixed_delta_0.01,F_delta_0.01,0.01,estimate,Bias-aware/Honest - RBC MSE,5000,0.017462944424798104,1.8892318647522635e-05
5000,fixed_delta_0.015,F_delta_0.015,0.015,estimate,Bias-aware/Honest - RBC MSE,5000,0.019408603895331333,2.1756517624721504e-05
5000,fixed_delta_0.02,F_delta_0.02,0.02,estimate,Bias-aware/Honest - RBC MSE,5000,0.022069530552869247,3.10014911864454e-05
5000,fixed_delta_0.025,F_delta_0.025,0.025,estimate,Bias-aware/Honest - RBC MSE,5000,0.02316501848729771,2.846394018563357e-05
5000,fixed_delta_0.03,F_delta_0.03,0.03,estimate,Bias-aware/Honest - RBC MSE,5000,0.029520318419884808,6.25606271416055e-05
5000,fixed_delta_0.035,F_delta_0.035,0.035,estimate,Bias-aware/Honest - RBC MSE,4962,0.04001903746880502,9.063859996129318e-05
5000,fixed_delta_0.04,F_delta_0.04,0.04,estimate,Bias-aware/Honest - RBC MSE,4014,0.048835384517263825,8.561202115320475e-05
5000,fixed_delta_0.045,F_delta_0.045,0.045,estimate,Bias-aware/Honest - RBC MSE,968,0.05247757052495127,0.00012679922597093123
5000,fixed_delta_0.05,F_delta_0.05,0.05,estimate,Bias-aware/Honest - RBC MSE,114,0.05145613922115055,0.0005037212637927695
5000,shrinking_delta,S_shrink_delta_0.0158,0.0158113883008419,estimate,Bias-aware/Honest - RBC MSE,5000,0.019844727358252406,1.8694368350276554e-05
500,fixed_delta_0.01,F_delta_0.01,0.01,ci_length,RBC MSE - Conventional MSE,5000,0.03139630554042714,0.00017299412985082412
500,fixed_delta_0.015,F_delta_0.015,0.015,ci_length,RBC MSE - Conventional MSE,5000,0.03220341653348351,0.00017714991621215452
500,fixed_delta_0.02,F_delta_0.02,0.02,ci_length,RBC MSE - Conventional MSE,5000,0.03298358596323119,0.0001911356805316076
500,fixed_delta_0.025,F_delta_0.025,0.025,ci_length,RBC MSE - Conventional MSE,5000,0.033699536785555234,0.00019191899461336556
500,fixed_delta_0.03,F_delta_0.03,0.03,ci_length,RBC MSE - Conventional MSE,5000,0.03442319028988083,0.0001738013931832853
500,fixed_delta_0.035,F_delta_0.035,0.035,ci_length,RBC MSE - Conventional MSE,5000,0.03707255943099016,0.00016176072951749567
500,fixed_delta_0.04,F_delta_0.04,0.04,ci_length,RBC MSE - Conventional MSE,5000,0.03921875434272098,0.0001617661250696031
500,fixed_delta_0.045,F_delta_0.045,0.045,ci_length,RBC MSE - Conventional MSE,5000,0.04228323573484052,0.00016763054823406252
500,fixed_delta_0.05,F_delta_0.05,0.05,ci_length,RBC MSE - Conventional MSE,4998,0.04588162593581812,0.00017184647020407624
500,fixed_delta_0.055,F_delta_0.055,0.055,ci_length,RBC MSE - Conventional MSE,4991,0.05104943535277746,0.00015348665753379728
500,fixed_delta_0.06,F_delta_0.06,0.06,ci_length,RBC MSE - Conventional MSE,4955,0.053939829564229554,0.00013102103051321277
500,fixed_delta_0.065,F_delta_0.065,0.065,ci_length,RBC MSE - Conventional MSE,4865,0.05551650714714269,0.00012648549318188245
500,fixed_delta_0.07,F_delta_0.07,0.07,ci_length,RBC MSE - Conventional MSE,4668,0.05691801994306461,0.00014750709478131464
500,fixed_delta_0.075,F_delta_0.075,0.075,ci_length,RBC MSE - Conventional MSE,4285,0.05977103063484296,0.0002032988013351359
500,fixed_delta_0.08,F_delta_0.08,0.08,ci_length,RBC MSE - Conventional MSE,3694,0.0638856134845553,0.0002730513829290629
500,fixed_delta_0.09,F_delta_0.09,0.09,ci_length,RBC MSE - Conventional MSE,2636,0.07148415515012653,0.00038330199316448247
500,fixed_delta_0.1,F_delta_0.1,0.1,ci_length,RBC MSE - Conventional MSE,2101,0.07253012252575254,0.0004241220179597294
500,fixed_delta_0.12,F_delta_0.12,0.12,ci_length,RBC MSE - Conventional MSE,48,0.09309594633864633,0.001322467239620235
500,shrinking_delta,S_shrink_delta_0.0500,0.05,ci_length,RBC MSE - Conventional MSE,4998,0.04588162593581812,0.00017184647020407624
750,fixed_delta_0.01,F_delta_0.01,0.01,ci_length,RBC MSE - Conventional MSE,5000,0.022768528100767706,9.633662455431376e-05
750,fixed_delta_0.015,F_delta_0.015,0.015,ci_length,RBC MSE - Conventional MSE,5000,0.0232534611372485,9.795983262097656e-05
750,fixed_delta_0.02,F_delta_0.02,0.02,ci_length,RBC MSE - Conventional MSE,5000,0.024001809966188573,9.395483417839749e-05
750,fixed_delta_0.025,F_delta_0.025,0.025,ci_length,RBC MSE - Conventional MSE,5000,0.025361470487966675,8.735550634126891e-05
750,fixed_delta_0.03,F_delta_0.03,0.03,ci_length,RBC MSE - Conventional MSE,5000,0.027484354485668133,8.257157571699188e-05
750,fixed_delta_0.035,F_delta_0.035,0.035,ci_length,RBC MSE - Conventional MSE,5000,0.029855082632092966,9.098270377716093e-05
750,fixed_delta_0.04,F_delta_0.04,0.04,ci_length,RBC MSE - Conventional MSE,5000,0.03180215757863519,0.00010644559302603858
750,fixed_delta_0.045,F_delta_0.045,0.045,ci_length,RBC MSE - Conventional MSE,4998,0.03805482374343053,0.00013430533985670133
750,fixed_delta_0.05,F_delta_0.05,0.05,ci_length,RBC MSE - Conventional MSE,4991,0.04286164474572346,0.00012175481668357172
750,shrinking_delta,S_shrink_delta_0.0408,0.0408248290463863,ci_length,RBC MSE - Conventional MSE,5000,0.032307920979866504,0.00011056004913749722
1000,fixed_delta_0.01,F_delta_0.01,0.01,ci_length,RBC MSE - Conventional MSE,5000,0.01863160235719503,6.679447252393851e-05
1000,fixed_delta_0.015,F_delta_0.015,0.015,ci_length,RBC MSE - Conventional MSE,5000,0.019260151110189024,6.536926289804497e-05
1000,fixed_delta_0.02,F_delta_0.02,0.02,ci_length,RBC MSE - Conventional MSE,5000,0.02027229940706412,6.012106132194921e-05
1000,fixed_delta_0.025,F_delta_0.025,0.025,ci_length,RBC MSE - Conventional MSE,5000,0.02168957302888769,6.033525993141079e-05
1000,fixed_delta_0.03,F_delta_0.03,0.03,ci_length,RBC MSE - Conventional MSE,5000,0.024325334970194068,6.38951937954351e-05
1000,fixed_delta_0.035,F_delta_0.035,0.035,ci_length,RBC MSE - Conventional MSE,5000,0.02555565361931585,7.325522429888238e-05
1000,fixed_delta_0.04,F_delta_0.04,0.04,ci_length,RBC MSE - Conventional MSE,4999,0.028923357932736975,9.339470768639989e-05
1000,fixed_delta_0.045,F_delta_0.045,0.045,ci_length,RBC MSE - Conventional MSE,4993,0.03647017593083881,0.00011341976185314259
1000,fixed_delta_0.05,F_delta_0.05,0.05,ci_length,RBC MSE - Conventional MSE,4966,0.04056901216858344,8.212233152391657e-05
1000,shrinking_delta,S_shrink_delta_0.0354,0.0353553390593273,ci_length,RBC MSE - Conventional MSE,5000,0.025638341776803894,7.347196083032739e-05
1500,fixed_delta_0.01,F_delta_0.01,0.01,ci_length,RBC MSE - Conventional MSE,5000,0.014525353780911257,4.25669060173481e-05
1500,fixed_delta_0.015,F_delta_0.015,0.015,ci_length,RBC MSE - Conventional MSE,5000,0.015301489427378766,4.0953213233471515e-05
1500,fixed_delta_0.02,F_delta_0.02,0.02,ci_length,RBC MSE - Conventional MSE,5000,0.016497403157002412,4.0760488423739315e-05
1500,fixed_delta_0.025,F_delta_0.025,0.025,ci_length,RBC MSE - Conventional MSE,5000,0.01788510971979802,4.155039661613522e-05
1500,fixed_delta_0.03,F_delta_0.03,0.03,ci_length,RBC MSE - Conventional MSE,5000,0.019883353523429532,5.06474012155045e-05
1500,fixed_delta_0.035,F_delta_0.035,0.035,ci_length,RBC MSE - Conventional MSE,5000,0.021201082785665404,5.5444143378810973e-05
1500,fixed_delta_0.04,F_delta_0.04,0.04,ci_length,RBC MSE - Conventional MSE,4999,0.026965250352510108,8.848747147227619e-05
1500,fixed_delta_0.045,F_delta_0.045,0.045,ci_length,RBC MSE - Conventional MSE,4961,0.03414142773581473,7.22905896252494e-05
1500,fixed_delta_0.05,F_delta_0.05,0.05,ci_length,RBC MSE - Conventional MSE,4733,0.0358038475027268,4.7194499253526584e-05
1500,shrinking_delta,S_shrink_delta_0.0289,0.0288675134594812,ci_length,RBC MSE - Conventional MSE,5000,0.019869708578373682,4.8851471434100196e-05
2000,fixed_delta_0.01,F_delta_0.01,0.01,ci_length,RBC MSE - Conventional MSE,5000,0.012358257850268013,3.217050359409396e-05
2000,fixed_delta_0.015,F_delta_0.015,0.015,ci_length,RBC MSE - Conventional MSE,5000,0.013150807610676093,3.155035537210889e-05
2000,fixed_delta_0.02,F_delta_0.02,0.02,ci_length,RBC MSE - Conventional MSE,5000,0.014265567997672202,3.293196881264974e-05
2000,fixed_delta_0.025,F_delta_0.025,0.025,ci_length,RBC MSE - Conventional MSE,5000,0.01607148041689245,3.378983243173631e-05
2000,fixed_delta_0.03,F_delta_0.03,0.03,ci_length,RBC MSE - Conventional MSE,5000,0.016656298626242814,4.367221956315203e-05
2000,fixed_delta_0.035,F_delta_0.035,0.035,ci_length,RBC MSE - Conventional MSE,5000,0.019663839259858297,4.728249470568722e-05
2000,fixed_delta_0.04,F_delta_0.04,0.04,ci_length,RBC MSE - Conventional MSE,4996,0.02648333631184298,7.965672821374203e-05
2000,fixed_delta_0.045,F_delta_0.045,0.045,ci_length,RBC MSE - Conventional MSE,4832,0.03148733851472519,4.400541251930496e-05
2000,fixed_delta_0.05,F_delta_0.05,0.05,ci_length,RBC MSE - Conventional MSE,4040,0.032431710065623134,4.7157638556134045e-05
2000,shrinking_delta,S_shrink_delta_0.0250,0.025,ci_length,RBC MSE - Conventional MSE,5000,0.01607148041689245,3.378983243173631e-05
3000,fixed_delta_0.01,F_delta_0.01,0.01,ci_length,RBC MSE - Conventional MSE,5000,0.0098960959010413,2.1986638492461416e-05
3000,fixed_delta_0.015,F_delta_0.015,0.015,ci_length,RBC MSE - Conventional MSE,5000,0.01059124053809179,2.242674902005503e-05
3000,fixed_delta_0.02,F_delta_0.02,0.02,ci_length,RBC MSE - Conventional MSE,5000,0.011421052503507716,2.3148299691975517e-05
3000,fixed_delta_0.025,F_delta_0.025,0.025,ci_length,RBC MSE - Conventional MSE,5000,0.01351683239025814,2.8657131055133465e-05
3000,fixed_delta_0.03,F_delta_0.03,0.03,ci_length,RBC MSE - Conventional MSE,5000,0.01373058451846181,3.382443306790369e-05
3000,fixed_delta_0.035,F_delta_0.035,0.035,ci_length,RBC MSE - Conventional MSE,4999,0.018636966697772792,5.161492042606312e-05
3000,fixed_delta_0.04,F_delta_0.04,0.04,ci_length,RBC MSE - Conventional MSE,4924,0.025278923694665126,4.953110598336212e-05
3000,fixed_delta_0.045,F_delta_0.045,0.045,ci_length,RBC MSE - Conventional MSE,3903,0.02734456596011332,3.564671940778883e-05
3000,fixed_delta_0.05,F_delta_0.05,0.05,ci_length,RBC MSE - Conventional MSE,1689,0.029425215639229785,0.00012058011519336804
3000,shrinking_delta,S_shrink_delta_0.0204,0.0204124145231931,ci_length,RBC MSE - Conventional MSE,5000,0.011508590701594852,2.2756891905652826e-05
4000,fixed_delta_0.01,F_delta_0.01,0.01,ci_length,RBC MSE - Conventional MSE,5000,0.008480046202564822,1.7317228832394216e-05
4000,fixed_delta_0.015,F_delta_0.015,0.015,ci_length,RBC MSE - Conventional MSE,5000,0.009158088278666189,1.7392537248958997e-05
4000,fixed_delta_0.02,F_delta_0.02,0.02,ci_length,RBC MSE - Conventional MSE,5000,0.010100909512824652,1.840999296234859e-05
4000,fixed_delta_0.025,F_delta_0.025,0.025,ci_length,RBC MSE - Conventional MSE,5000,0.011364882941174102,2.677003090344884e-05
4000,fixed_delta_0.03,F_delta_0.03,0.03,ci_length,RBC MSE - Conventional MSE,5000,0.013048644740316848,2.9240141738102918e-05
4000,fixed_delta_0.035,F_delta_0.035,0.035,ci_length,RBC MSE - Conventional MSE,4993,0.018574190833547426,5.479518867415477e-05
4000,fixed_delta_0.04,F_delta_0.04,0.04,ci_length,RBC MSE - Conventional MSE,4652,0.023343122402862373,3.0031392119551968e-05
4000,fixed_delta_0.045,F_delta_0.045,0.045,ci_length,RBC MSE - Conventional MSE,2255,0.024962927248682907,6.267842768908972e-05
4000,fixed_delta_0.05,F_delta_0.05,0.05,ci_length,RBC MSE - Conventional MSE,424,0.031264580413319504,0.00039711230771038314
4000,shrinking_delta,S_shrink_delta_0.0177,0.0176776695296636,ci_length,RBC MSE - Conventional MSE,5000,0.009641191278635148,1.9465591959623525e-05
5000,fixed_delta_0.01,F_delta_0.01,0.01,ci_length,RBC MSE - Conventional MSE,5000,0.0075370956462984095,1.448908777336883e-05
5000,fixed_delta_0.015,F_delta_0.015,0.015,ci_length,RBC MSE - Conventional MSE,5000,0.008291774712194985,1.4533832329324749e-05
5000,fixed_delta_0.02,F_delta_0.02,0.02,ci_length,RBC MSE - Conventional MSE,5000,0.009406125398534465,1.6475472797949067e-05
5000,fixed_delta_0.025,F_delta_0.025,0.025,ci_length,RBC MSE - Conventional MSE,5000,0.00976606577620997,2.231246578002178e-05
5000,fixed_delta_0.03,F_delta_0.03,0.03,ci_length,RBC MSE - Conventional MSE,5000,0.01265042168102498,2.2692732212323036e-05
5000,fixed_delta_0.035,F_delta_0.035,0.035,ci_length,RBC MSE - Conventional MSE,4962,0.01859070186587563,4.8640241082412485e-05
5000,fixed_delta_0.04,F_delta_0.04,0.04,ci_length,RBC MSE - Conventional MSE,4014,0.02156215647381036,2.3501014605909287e-05
5000,fixed_delta_0.045,F_delta_0.045,0.045,ci_length,RBC MSE - Conventional MSE,968,0.023943854467046864,0.00013217806846532843
5000,fixed_delta_0.05,F_delta_0.05,0.05,ci_length,RBC MSE - Conventional MSE,114,0.03605252629981923,0.0006427285262762764
5000,shrinking_delta,S_shrink_delta_0.0158,0.0158113883008419,ci_length,RBC MSE - Conventional MSE,5000,0.008487859072020256,1.553407299686021e-05
500,fixed_delta_0.01,F_delta_0.01,0.01,ci_length,Bias-aware/Honest - RBC MSE,5000,0.17635151593266982,0.0013286202909622616
500,fixed_delta_0.015,F_delta_0.015,0.015,ci_length,Bias-aware/Honest - RBC MSE,5000,0.18746860704019405,0.0013123259847061777
500,fixed_delta_0.02,F_delta_0.02,0.02,ci_length,Bias-aware/Honest - RBC MSE,5000,0.19814128131294667,0.0013227060621949277
500,fixed_delta_0.025,F_delta_0.025,0.025,ci_length,Bias-aware/Honest - RBC MSE,5000,0.2192291529164724,0.0012955090990963223
500,fixed_delta_0.03,F_delta_0.03,0.03,ci_length,Bias-aware/Honest - RBC MSE,5000,0.22981250256559996,0.001306685816130466
500,fixed_delta_0.035,F_delta_0.035,0.035,ci_length,Bias-aware/Honest - RBC MSE,5000,0.2446579700210073,0.0010200311975959479
500,fixed_delta_0.04,F_delta_0.04,0.04,ci_length,Bias-aware/Honest - RBC MSE,5000,0.2835347575935539,0.0007934789980504364
500,fixed_delta_0.045,F_delta_0.045,0.045,ci_length,Bias-aware/Honest - RBC MSE,5000,0.34303933380471646,0.0004716473716714266
500,fixed_delta_0.05,F_delta_0.05,0.05,ci_length,Bias-aware/Honest - RBC MSE,4998,0.4251949416966206,0.0003173834775338798
500,fixed_delta_0.055,F_delta_0.055,0.055,ci_length,Bias-aware/Honest - RBC MSE,4991,0.5201446369971959,0.00020961844152681222
500,fixed_delta_0.06,F_delta_0.06,0.06,ci_length,Bias-aware/Honest - RBC MSE,4955,0.6282994834365815,0.0001719347154699756
500,fixed_delta_0.065,F_delta_0.065,0.065,ci_length,Bias-aware/Honest - RBC MSE,4865,0.7473710616757073,0.00015065699430636754
500,fixed_delta_0.07,F_delta_0.07,0.07,ci_length,Bias-aware/Honest - RBC MSE,4668,0.8760223912297357,0.00015872290983944128
500,fixed_delta_0.075,F_delta_0.075,0.075,ci_length,Bias-aware/Honest - RBC MSE,4285,1.0127122607625367,0.0002078195219485584
500,fixed_delta_0.08,F_delta_0.08,0.08,ci_length,Bias-aware/Honest - RBC MSE,3694,1.1577027105011903,0.00027528577954584937
500,fixed_delta_0.09,F_delta_0.09,0.09,ci_length,Bias-aware/Honest - RBC MSE,2636,1.4768351704191793,0.00038448833737806374
500,fixed_delta_0.1,F_delta_0.1,0.1,ci_length,Bias-aware/Honest - RBC MSE,2101,1.8406466921827345,0.00042507659138398397
500,fixed_delta_0.12,F_delta_0.12,0.12,ci_length,Bias-aware/Honest - RBC MSE,48,2.6641822118086957,0.0013401832241904134
500,shrinking_delta,S_shrink_delta_0.0500,0.05,ci_length,Bias-aware/Honest - RBC MSE,4998,0.4251949416966206,0.0003173834775338798
750,fixed_delta_0.01,F_delta_0.01,0.01,ci_length,Bias-aware/Honest - RBC MSE,5000,0.16503878249814843,0.0008285849179092269
750,fixed_delta_0.015,F_delta_0.015,0.015,ci_length,Bias-aware/Honest - RBC MSE,5000,0.17695241772211973,0.0008018945992702956
750,fixed_delta_0.02,F_delta_0.02,0.02,ci_length,Bias-aware/Honest - RBC MSE,5000,0.18706150422664672,0.0007749445248442035
750,fixed_delta_0.025,F_delta_0.025,0.025,ci_length,Bias-aware/Honest - RBC MSE,5000,0.20363477635788232,0.0008733243074220772
750,fixed_delta_0.03,F_delta_0.03,0.03,ci_length,Bias-aware/Honest - RBC MSE,5000,0.20443689933482043,0.0006864907795698941
750,fixed_delta_0.035,F_delta_0.035,0.035,ci_length,Bias-aware/Honest - RBC MSE,5000,0.23089242491205023,0.0004409920003877472
750,fixed_delta_0.04,F_delta_0.04,0.04,ci_length,Bias-aware/Honest - RBC MSE,5000,0.27756510565080506,0.0003001508794161341
750,fixed_delta_0.045,F_delta_0.045,0.045,ci_length,Bias-aware/Honest - RBC MSE,4998,0.3448902084257682,0.0001883947340666469
750,fixed_delta_0.05,F_delta_0.05,0.05,ci_length,Bias-aware/Honest - RBC MSE,4991,0.4307822850857961,0.00013087606650643863
750,shrinking_delta,S_shrink_delta_0.0408,0.0408248290463863,ci_length,Bias-aware/Honest - RBC MSE,5000,0.2876672166666059,0.00027756446885518585
1000,fixed_delta_0.01,F_delta_0.01,0.01,ci_length,Bias-aware/Honest - RBC MSE,5000,0.15364101825676882,0.0006256499479267196
1000,fixed_delta_0.015,F_delta_0.015,0.015,ci_length,Bias-aware/Honest - RBC MSE,5000,0.16381156560725577,0.0006441489132282202
1000,fixed_delta_0.02,F_delta_0.02,0.02,ci_length,Bias-aware/Honest - RBC MSE,5000,0.1753765622811011,0.0005792408551239597
1000,fixed_delta_0.025,F_delta_0.025,0.025,ci_length,Bias-aware/Honest - RBC MSE,5000,0.1817973165178242,0.0007055948652012815
1000,fixed_delta_0.03,F_delta_0.03,0.03,ci_length,Bias-aware/Honest - RBC MSE,5000,0.18899480753607792,0.0004491538117736105
1000,fixed_delta_0.035,F_delta_0.035,0.035,ci_length,Bias-aware/Honest - RBC MSE,5000,0.22228289854437158,0.0003038666245488665
1000,fixed_delta_0.04,F_delta_0.04,0.04,ci_length,Bias-aware/Honest - RBC MSE,4999,0.27580017099293036,0.00017703383164813894
1000,fixed_delta_0.045,F_delta_0.045,0.045,ci_length,Bias-aware/Honest - RBC MSE,4993,0.347623441659858,0.00012156500934689051
1000,fixed_delta_0.05,F_delta_0.05,0.05,ci_length,Bias-aware/Honest - RBC MSE,4966,0.43509421996414804,8.507694514625912e-05
1000,shrinking_delta,S_shrink_delta_0.0354,0.0353553390593273,ci_length,Bias-aware/Honest - RBC MSE,5000,0.22532248740826544,0.0002955186116315262
1500,fixed_delta_0.01,F_delta_0.01,0.01,ci_length,Bias-aware/Honest - RBC MSE,5000,0.13391325052027855,0.0004625732064025243
1500,fixed_delta_0.015,F_delta_0.015,0.015,ci_length,Bias-aware/Honest - RBC MSE,5000,0.14019867487490986,0.0004744471381562103
1500,fixed_delta_0.02,F_delta_0.02,0.02,ci_length,Bias-aware/Honest - RBC MSE,5000,0.15515072016647335,0.0004649383092793096
1500,fixed_delta_0.025,F_delta_0.025,0.025,ci_length,Bias-aware/Honest - RBC MSE,5000,0.15191294938982924,0.00045067661206054776
1500,fixed_delta_0.03,F_delta_0.03,0.03,ci_length,Bias-aware/Honest - RBC MSE,5000,0.1747075232775356,0.0002578067576859088
1500,fixed_delta_0.035,F_delta_0.035,0.035,ci_length,Bias-aware/Honest - RBC MSE,5000,0.21465829383652746,0.00015885733067558385
1500,fixed_delta_0.04,F_delta_0.04,0.04,ci_length,Bias-aware/Honest - RBC MSE,4999,0.27725343085315735,9.60575622270013e-05
1500,fixed_delta_0.045,F_delta_0.045,0.045,ci_length,Bias-aware/Honest - RBC MSE,4961,0.3518166508144546,7.333211020565768e-05
1500,fixed_delta_0.05,F_delta_0.05,0.05,ci_length,Bias-aware/Honest - RBC MSE,4733,0.4415457331739155,4.851480563628767e-05
1500,shrinking_delta,S_shrink_delta_0.0289,0.0288675134594812,ci_length,Bias-aware/Honest - RBC MSE,5000,0.1671622098213456,0.0002812092342387953
2000,fixed_delta_0.01,F_delta_0.01,0.01,ci_length,Bias-aware/Honest - RBC MSE,5000,0.11993463591615391,0.0003761476101259812
2000,fixed_delta_0.015,F_delta_0.015,0.015,ci_length,Bias-aware/Honest - RBC MSE,5000,0.1254382408199867,0.0003574383302375206
2000,fixed_delta_0.02,F_delta_0.02,0.02,ci_length,Bias-aware/Honest - RBC MSE,5000,0.13946619154544543,0.00042995667453599114
2000,fixed_delta_0.025,F_delta_0.025,0.025,ci_length,Bias-aware/Honest - RBC MSE,5000,0.138547337286936,0.00028485641206791456
2000,fixed_delta_0.03,F_delta_0.03,0.03,ci_length,Bias-aware/Honest - RBC MSE,5000,0.1669944923685958,0.000189395345229474
2000,fixed_delta_0.035,F_delta_0.035,0.035,ci_length,Bias-aware/Honest - RBC MSE,5000,0.21379340822757917,7.555143208525966e-05
2000,fixed_delta_0.04,F_delta_0.04,0.04,ci_length,Bias-aware/Honest - RBC MSE,4996,0.2785327862191835,8.029531033115651e-05
2000,fixed_delta_0.045,F_delta_0.045,0.045,ci_length,Bias-aware/Honest - RBC MSE,4832,0.35527536118280434,4.471233450829245e-05
2000,fixed_delta_0.05,F_delta_0.05,0.05,ci_length,Bias-aware/Honest - RBC MSE,4040,0.44559827654525114,4.773949636024027e-05
2000,shrinking_delta,S_shrink_delta_0.0250,0.025,ci_length,Bias-aware/Honest - RBC MSE,5000,0.138547337286936,0.00028485641206791456
3000,fixed_delta_0.01,F_delta_0.01,0.01,ci_length,Bias-aware/Honest - RBC MSE,5000,0.1021728019256323,0.0002696614664001206
3000,fixed_delta_0.015,F_delta_0.015,0.015,ci_length,Bias-aware/Honest - RBC MSE,5000,0.10913245520856912,0.00024604282226653153
3000,fixed_delta_0.02,F_delta_0.02,0.02,ci_length,Bias-aware/Honest - RBC MSE,5000,0.11381815546048213,0.0003424280166043898
3000,fixed_delta_0.025,F_delta_0.025,0.025,ci_length,Bias-aware/Honest - RBC MSE,5000,0.12668448206559635,0.00016002462507544576
3000,fixed_delta_0.03,F_delta_0.03,0.03,ci_length,Bias-aware/Honest - RBC MSE,5000,0.15989719070341607,9.64456945313316e-05
3000,fixed_delta_0.035,F_delta_0.035,0.035,ci_length,Bias-aware/Honest - RBC MSE,4999,0.21508294709302128,5.209302566738103e-05
3000,fixed_delta_0.04,F_delta_0.04,0.04,ci_length,Bias-aware/Honest - RBC MSE,4924,0.2805242117767563,4.975567478830095e-05
3000,fixed_delta_0.045,F_delta_0.045,0.045,ci_length,Bias-aware/Honest - RBC MSE,3903,0.36007840814471315,3.594193350624176e-05
3000,fixed_delta_0.05,F_delta_0.05,0.05,ci_length,Bias-aware/Honest - RBC MSE,1689,0.44916544297242195,0.00012067908705499861
3000,shrinking_delta,S_shrink_delta_0.0204,0.0204124145231931,ci_length,Bias-aware/Honest - RBC MSE,5000,0.1132976557671859,0.00032677727417833953
4000,fixed_delta_0.01,F_delta_0.01,0.01,ci_length,Bias-aware/Honest - RBC MSE,5000,0.09202046538642993,0.00021383746839941925
4000,fixed_delta_0.015,F_delta_0.015,0.015,ci_length,Bias-aware/Honest - RBC MSE,5000,0.10032021604560182,0.00019282268006865272
4000,fixed_delta_0.02,F_delta_0.02,0.02,ci_length,Bias-aware/Honest - RBC MSE,5000,0.09987398035327155,0.00023358523266863525
4000,fixed_delta_0.025,F_delta_0.025,0.025,ci_length,Bias-aware/Honest - RBC MSE,5000,0.12026080585373015,0.0001342886232111749
4000,fixed_delta_0.03,F_delta_0.03,0.03,ci_length,Bias-aware/Honest - RBC MSE,5000,0.15884600523113326,4.128990562853762e-05
4000,fixed_delta_0.035,F_delta_0.035,0.035,ci_length,Bias-aware/Honest - RBC MSE,4993,0.21553488143086322,5.485391692562395e-05
4000,fixed_delta_0.04,F_delta_0.04,0.04,ci_length,Bias-aware/Honest - RBC MSE,4652,0.282783990713107,3.021409746267621e-05
4000,fixed_delta_0.045,F_delta_0.045,0.045,ci_length,Bias-aware/Honest - RBC MSE,2255,0.3627302886055869,6.276686422977724e-05
4000,fixed_delta_0.05,F_delta_0.05,0.05,ci_length,Bias-aware/Honest - RBC MSE,424,0.44755881242772566,0.00039704672134279796
4000,shrinking_delta,S_shrink_delta_0.0177,0.0176776695296636,ci_length,Bias-aware/Honest - RBC MSE,5000,0.10407759012777675,0.00029486232635862926
5000,fixed_delta_0.01,F_delta_0.01,0.01,ci_length,Bias-aware/Honest - RBC MSE,5000,0.08494728632660205,0.00019066787165172635
5000,fixed_delta_0.015,F_delta_0.015,0.015,ci_length,Bias-aware/Honest - RBC MSE,5000,0.09443208090397912,0.00017328898619665847
5000,fixed_delta_0.02,F_delta_0.02,0.02,ci_length,Bias-aware/Honest - RBC MSE,5000,0.09244728981859975,0.00016114043217710258
5000,fixed_delta_0.025,F_delta_0.025,0.025,ci_length,Bias-aware/Honest - RBC MSE,5000,0.11583731812249243,0.00010874031501869125
5000,fixed_delta_0.03,F_delta_0.03,0.03,ci_length,Bias-aware/Honest - RBC MSE,5000,0.1592611201900599,2.4272797059796278e-05
5000,fixed_delta_0.035,F_delta_0.035,0.035,ci_length,Bias-aware/Honest - RBC MSE,4962,0.21572684247738758,4.8692096789975774e-05
5000,fixed_delta_0.04,F_delta_0.04,0.04,ci_length,Bias-aware/Honest - RBC MSE,4014,0.28473472083432405,2.3641128719249848e-05
5000,fixed_delta_0.045,F_delta_0.045,0.045,ci_length,Bias-aware/Honest - RBC MSE,968,0.3638908687213325,0.00013220582975502192
5000,fixed_delta_0.05,F_delta_0.05,0.05,ci_length,Bias-aware/Honest - RBC MSE,114,0.44288892392188156,0.0006428463230574186
5000,shrinking_delta,S_shrink_delta_0.0158,0.0158113883008419,ci_length,Bias-aware/Honest - RBC MSE,5000,0.09628385837215284,0.00021079730214351857
